Temp_Min,Temp_Max,RH_Min,RH_Max,Wind_Speed,Rainfall,No_of_rainy_days,Sunshine_Hrs,Inc_Per
22.72,29.25,62.45,90.44,10.21,4.40,2.00,3.51,17.60
22.40,30.51,57.34,92.69,8.51,6.90,3.00,4.86,14.54
23.33,31.03,51.81,85.11,9.62,3.00,1.00,4.64,16.46
22.63,30.70,56.31,90.08,7.33,5.60,2.00,5.46,18.37
21.86,29.62,63.26,96.03,6.87,0.00,0.00,5.32,16.97
22.92,32.79,43.87,86.57,5.92,16.40,1.00,5.14,15.57
22.66,30.70,62.33,90.70,5.25,77.30,5.00,3.11,16.13
21.92,29.69,62.28,96.19,9.70,90.60,3.00,5.00,16.68
22.24,28.31,70.07,96.56,5.47,57.20,7.00,1.37,15.33
22.07,31.97,51.74,96.17,3.47,56.20,2.00,8.18,13.97
22.36,32.47,46.43,90.42,3.10,1.40,1.00,5.69,19.17
23.08,33.73,43.79,93.90,5.74,20.00,2.00,7.00,16.45
22.22,29.22,71.39,97.36,7.72,159.70,7.00,1.61,20.48
21.73,30.54,52.94,92.60,6.57,7.80,2.00,7.18,13.29
22.28,32.55,38.98,82.57,3.48,0.00,0.00,6.93,16.70
20.56,33.09,23.11,63.29,2.02,0.00,0.00,9.86,8.70
18.88,32.47,24.09,57.58,3.69,0.00,0.00,9.21,8.10
19.35,31.29,37.15,70.55,4.44,0.00,0.00,8.21,2.30
21.67,28.36,44.66,67.54,3.84,23.30,4.00,4.29,5.40
20.22,29.57,17.69,29.03,2.02,9.00,2.00,7.04,8.10
17.52,30.50,27.31,57.51,2.22,0.00,0.00,9.50,6.80
16.81,29.51,36.36,68.63,1.66,0.00,0.00,8.29,7.70
17.20,29.88,33.04,77.21,1.82,0.00,0.00,9.00,3.60
18.21,29.31,42.39,80.23,1.87,0.00,0.00,7.96,2.80
15.98,28.75,33.10,66.24,2.06,0.00,0.00,8.54,1.80
18.74,27.93,45.71,79.48,2.48,0.00,0.00,6.79,2.30
18.31,27.73,41.11,58.30,1.75,0.00,0.00,8.07,1.70
18.32,29.36,46.82,86.21,2.04,8.50,2.00,6.64,1.30
15.29,29.24,25.81,56.73,1.76,0.00,0.00,9.89,1.70
17.27,29.41,26.68,61.69,1.86,0.00,0.00,9.07,1.30
18.28,31.13,25.94,61.50,1.59,0.00,0.00,9.36,1.30
19.95,32.43,33.11,65.06,2.16,3.80,1.00,9.32,1.60
21.61,34.59,26.63,58.20,3.39,1.80,2.00,9.43,1.93
19.89,35.20,18.12,49.63,3.06,0.10,1.00,10.43,1.46
22.13,36.16,16.88,48.21,3.18,0.00,0.00,9.43,1.30
23.07,36.77,19.08,47.70,3.08,0.00,0.00,8.43,0.62
22.80,37.24,11.96,38.72,1.64,0.00,0.00,7.43,0.72
25.32,37.41,11.31,33.02,2.87,0.00,0.00,9.21,0.92
23.78,38.29,11.37,46.12,4.41,0.00,0.00,9.74,1.52
26.30,40.04,13.04,38.49,3.01,0.00,0.00,7.28,0.92
25.49,41.18,13.09,47.70,5.31,0.30,1.00,9.46,1.24
26.82,37.47,10.91,44.02,6.03,0.00,0.00,9.18,1.96
27.29,38.80,19.92,55.50,4.33,11.10,3.00,8.09,1.32
25.92,39.41,15.99,55.85,5.64,0.00,0.00,8.61,1.68
27.26,41.84,11.95,52.04,5.20,0.00,0.00,10.50,0.88
27.18,41.99,13.82,59.15,6.44,0.00,0.00,7.86,1.28
26.26,39.89,20.59,68.65,8.22,0.00,0.00,10.50,0.90
25.42,37.17,30.35,63.53,9.32,4.10,1.00,10.50,0.52
26.60,36.57,30.47,73.14,7.57,48.40,4.00,5.96,1.30
30.42,34.33,41.63,82.13,9.89,24.60,2.00,3.82,2.08
31.85,32.27,53.65,90.16,10.30,1.00,1.00,6.00,2.08
29.37,31.33,58.79,92.80,8.79,97.00,4.00,5.89,3.52
23.44,31.28,56.60,93.40,7.81,2.30,3.00,4.64,6.56
23.29,31.64,53.10,91.65,3.83,8.40,2.00,5.25,5.52
22.94,29.31,69.04,96.74,11.49,64.60,3.00,2.64,5.52
22.17,28.96,69.43,98.34,11.27,71.80,5.00,2.96,13.85
22.01,29.57,61.50,97.18,12.65,6.70,2.00,5.64,7.90
22.48,31.26,57.71,96.88,9.89,37.40,2.00,5.93,6.15
22.72,29.93,68.44,99.01,7.15,69.30,4.00,5.14,16.25
23.18,29.55,70.51,99.07,7.60,26.40,5.00,2.64,12.55
21.73,27.66,79.50,99.63,9.10,29.20,3.00,2.99,12.90
21.57,29.44,64.85,99.80,8.17,19.90,4.00,5.54,10.20
49.50,30.31,61.41,98.96,6.79,34.60,3.00,4.36,10.75
22.68,30.17,58.19,99.26,5.58,23.60,2.00,7.25,12.85
22.47,31.66,52.70,96.44,7.76,33.50,2.00,9.00,6.75
22.05,57.70,76.62,99.59,6.91,17.70,3.00,7.68,13.45
20.69,31.14,50.13,93.25,7.36,1.40,0.00,6.04,16.70
22.10,30.68,64.79,98.83,5.71,24.70,4.00,6.04,21.70
19.74,31.23,35.52,83.75,8.56,0.00,0.00,8.79,17.60
20.55,29.38,52.19,92.23,9.49,1.80,1.00,5.32,0.91
21.98,30.39,56.04,95.25,8.44,5.00,2.00,6.57,1.31
21.18,30.43,57.67,96.12,7.26,61.20,2.00,8.54,2.57
20.09,31.10,42.06,86.98,7.46,6.80,1.00,7.29,1.65
19.19,29.76,40.93,87.55,6.99,0.00,0.00,8.50,1.95
17.27,27.28,48.36,90.13,7.51,0.00,0.00,6.43,1.92
14.19,28.01,30.35,75.14,6.55,0.00,0.00,9.57,2.25
12.84,28.89,19.53,59.40,5.85,0.00,0.00,10.04,2.33
16.64,28.08,43.32,73.67,7.42,0.00,0.00,7.25,1.77
14.74,28.18,27.78,66.49,7.44,0.00,0.00,8.00,2.35
13.44,30.06,17.83,58.10,4.99,0.00,0.00,10.29,1.21
14.56,31.47,18.71,60.47,5.78,0.00,0.00,10.36,1.44
16.86,31.41,17.96,63.33,6.32,0.00,0.00,10.39,1.19
17.22,31.94,18.59,54.77,6.80,0.00,0.00,10.43,0.87
17.74,32.46,16.48,48.65,6.64,0.00,0.00,10.32,0.66
17.46,31.61,22.71,58.39,7.87,0.00,0.00,10.25,0.10
19.64,30.60,28.35,71.51,8.02,0.00,0.00,9.00,4.35
22.04,34.29,23.34,54.35,7.29,0.00,0.00,8.71,0.21
21.63,36.51,13.02,37.39,7.43,0.00,0.00,10.04,0.15
21.26,36.70,10.70,35.86,7.49,0.00,0.00,10.07,0.20
23.06,37.17,14.65,40.19,8.53,0.00,0.00,9.74,0.17
22.47,37.08,9.13,32.97,8.40,0.00,0.00,10.36,0.14
21.58,34.43,19.21,62.30,8.32,4.20,1.00,8.82,0.19
23.64,37.51,23.14,70.71,8.45,9.20,1.00,8.89,0.16
24.25,37.28,23.36,70.98,10.01,18.80,1.00,9.89,0.25
24.50,39.02,16.96,69.25,0.55,0.00,0.00,8.82,0.17
23.06,38.06,19.16,71.85,7.30,0.00,0.00,10.11,0.19
25.40,38.66,17.11,64.08,4.10,27.80,3.00,8.68,0.15
24.77,38.70,21.00,64.23,4.22,0.00,0.00,9.07,0.12
25.23,37.63,27.70,76.80,5.15,0.00,0.00,8.46,15.37
24.12,34.59,43.18,91.11,3.95,0.00,0.00,7.54,22.34
23.45,32.76,49.22,91.61,9.38,0.00,0.00,6.39,18.91
23.51,33.49,42.58,84.92,8.10,2.40,1.00,5.89,18.33
23.40,33.16,44.25,87.52,6.27,6.20,2.00,6.39,22.87
23.54,33.48,43.28,84.60,6.61,2.00,3.00,7.21,19.36
22.29,30.39,58.41,98.47,9.58,26.90,2.00,5.21,21.37
22.30,30.24,59.18,95.46,10.67,27.90,3.00,3.94,25.52
23.06,30.95,55.80,90.24,6.06,33.50,4.00,3.18,24.19
22.53,30.61,60.72,99.04,2.80,8.80,2.00,4.43,11.70
22.57,30.02,60.86,96.63,3.12,8.60,4.00,3.64,8.19
22.56,30.95,54.82,93.50,5.31,18.40,2.00,4.82,4.80
22.62,31.81,53.44,95.89,1.82,10.20,1.00,5.29,4.60
22.20,27.81,74.43,100.00,2.45,16.75,2.25,2.93,5.36
22.54,28.67,69.20,98.02,2.95,27.90,2.00,3.71,1.45
21.51,30.90,54.04,98.18,4.75,32.80,3.00,7.97,3.17
21.90,30.70,56.53,96.94,2.09,20.30,3.00,5.64,3.99
20.82,31.31,45.86,94.67,1.92,12.30,4.00,5.49,4.68
22.75,31.57,45.81,89.81,0.26,1.20,1.00,5.99,5.75
22.15,31.73,46.19,89.92,0.80,1.00,6.00,4.59,2.44
22.14,32.51,50.93,96.20,0.66,13.80,1.00,4.10,1.00
21.26,32.76,32.76,83.00,0.26,0.00,0.00,4.59,2.44
21.26,31.21,40.20,75.73,1.35,41.70,4.00,3.89,1.56
20.34,31.36,35.74,77.14,0.23,5.50,2.00,8.70,1.88
18.58,32.07,27.13,66.27,0.43,0.00,0.00,9.80,1.68
18.23,31.40,23.83,61.69,1.45,0.00,0.00,9.69,0.80
18.37,30.09,34.38,70.44,1.81,0.00,0.00,8.26,1.00
19.00,30.77,35.20,76.75,1.70,0.00,0.00,8.79,0.20
18.12,31.07,31.57,64.93,2.19,0.00,0.00,9.34,0.24
17.28,29.74,29.91,66.17,2.15,0.00,0.00,9.30,0.24
15.94,29.33,27.79,60.65,2.07,0.00,0.00,8.86,0.12
15.82,29.80,25.52,62.91,2.81,0.00,0.00,8.04,0.10
19.17,31.87,30.67,71.10,1.48,0.00,0.00,9.46,0.08
13.49,27.82,19.13,51.62,2.08,0.00,0.00,9.94,0.10
13.88,29.71,21.05,56.56,1.43,0.00,0.00,10.00,0.08
17.94,30.19,25.92,64.38,1.06,0.00,0.00,9.39,0.05
17.76,30.25,27.04,62.63,0.00,0.00,0.00,9.59,0.05
17.28,32.26,20.55,48.25,1.02,0.00,0.00,9.89,0.10
19.44,33.17,22.67,51.83,1.69,0.00,0.00,9.73,0.10
20.37,35.36,11.54,36.26,1.15,0.00,0.00,9.93,0.10
18.11,35.61,9.94,40.73,2.69,0.00,0.00,10.30,0.10
18.10,34.93,9.55,37.00,3.09,0.00,0.00,9.86,0.05
21.62,36.39,12.44,30.85,2.14,0.00,0.00,9.64,0.05
22.61,38.91,5.71,20.84,2.30,0.00,0.00,9.60,0.05
23.94,38.26,10.19,38.66,1.96,0.00,0.00,8.31,0.00
24.00,40.21,11.14,65.14,2.35,4.20,1.00,9.13,0.56
25.14,39.64,16.29,64.57,12.29,9.20,1.00,8.69,0.70
25.29,39.86,14.29,61.14,11.43,18.80,1.00,8.39,1.11
25.86,39.79,14.71,49.43,7.71,0.00,0.00,8.46,0.75
21.43,40.14,11.14,64.43,7.71,0.00,0.00,10.61,0.94
21.57,38.71,19.57,77.86,13.57,27.80,3.00,8.24,0.52
25.57,87.79,7.71,58.86,7.14,0.00,0.00,8.83,0.70
24.72,71.14,16.04,69.92,7.80,0.00,0.00,7.76,8.14
23.87,34.87,38.62,89.31,6.20,0.00,0.00,9.39,11.43
24.24,34.85,39.84,83.02,6.09,0.00,0.00,7.60,10.11
24.24,34.85,39.84,83.02,6.09,2.40,1.00,7.60,10.21
23.09,35.14,33.91,86.94,8.74,6.20,2.00,8.41,12.48
23.41,32.75,47.16,91.46,5.68,2.00,3.00,7.04,11.44
23.18,32.08,49.64,92.74,7.66,26.90,2.00,4.70,13.97
23.22,32.00,50.71,90.73,4.38,27.90,3.00,5.21,15.52
23.04,30.68,58.80,96.65,5.16,33.50,5.00,3.99,14.86
22.56,29.78,60.31,93.91,5.59,8.80,2.00,3.33,12.78
22.34,29.87,59.18,93.70,6.15,8.60,4.00,3.50,8.05
22.20,31.77,51.45,94.00,8.35,18.40,2.00,6.30,5.48
22.10,32.21,45.73,90.41,6.46,0.00,0.00,7.50,10.43
22.71,32.10,48.46,90.27,3.72,0.00,0.00,6.26,8.96
23.05,30.03,64.56,96.63,3.09,13.00,3.00,4.34,7.18
21.90,29.98,61.81,99.86,4.25,39.30,3.00,4.56,6.69
21.23,31.42,48.15,95.72,3.15,32.80,4.00,7.91,7.37
21.88,31.94,45.38,95.35,2.46,20.10,2.00,7.26,8.77
53.10,32.70,54.01,93.78,3.14,12.50,5.00,4.80,6.25
22.21,28.84,69.81,100.00,2.86,1.20,1.00,3.69,7.95
21.03,33.25,26.32,74.38,2.85,74.10,5.00,9.57,8.85
20.68,30.90,40.99,79.01,2.60,75.00,2.00,6.43,12.07
20.34,30.83,38.22,87.97,2.18,0.00,0.00,8.34,9.58
19.89,30.31,44.86,90.40,2.54,41.70,4.00,5.89,1.40
20.59,30.53,42.46,76.07,2.44,5.50,2.00,7.76,1.50
14.87,29.77,24.34,62.43,2.40,0.00,0.00,9.74,1.69
19.87,30.82,43.21,78.03,2.46,0.00,0.00,8.14,32.01
20.32,28.82,36.48,75.14,2.43,0.00,0.00,8.26,34.85
20.27,32.09,35.61,73.51,2.44,0.00,0.00,9.18,35.23
16.26,31.43,26.26,70.29,2.44,0.00,0.00,9.60,2.73
16.18,29.76,27.65,66.11,2.44,0.00,0.00,9.36,3.59
18.18,30.49,36.98,66.57,0.51,0.00,0.00,9.47,6.08
17.97,31.76,25.93,60.32,0.25,0.00,0.00,8.04,2.10
39.03,31.77,18.45,53.27,0.00,0.00,0.00,8.86,6.48
17.26,30.01,28.22,63.64,0.00,0.00,0.00,9.56,6.50
18.73,30.42,25.59,64.38,0.00,0.00,0.00,8.41,8.33
19.38,30.94,29.50,68.95,0.33,0.00,0.00,8.37,3.23
20.14,32.07,29.32,63.32,2.24,0.00,0.00,8.90,7.31
20.38,32.50,23.64,63.46,2.45,0.00,0.00,8.86,4.56
17.90,33.52,24.37,64.37,1.84,0.00,0.00,9.91,4.37
17.43,33.71,9.71,34.00,2.00,0.00,0.00,9.60,2.37
19.50,34.71,14.29,50.86,2.43,0.00,0.00,9.66,2.09
20.43,35.29,20.00,44.86,1.86,0.00,0.00,8.13,1.95
21.14,34.79,29.43,44.86,2.00,0.00,0.00,6.50,1.31
22.25,36.89,21.49,37.83,1.91,0.00,0.00,9.17,1.73
21.47,40.56,14.14,33.43,2.28,0.00,0.00,10.16,1.74
23.31,41.30,20.00,43.71,2.07,0.00,0.00,8.45,1.76
21.57,39.73,16.29,47.14,3.63,0.00,0.00,10.18,1.90
22.80,39.77,22.86,52.71,1.76,18.20,1.00,8.93,1.72
24.79,42.06,16.71,48.00,2.45,0.00,0.00,10.09,1.59
25.71,42.89,14.86,49.71,4.07,0.00,0.00,8.61,0.21
25.44,40.46,20.86,54.71,3.53,0.00,0.00,7.17,1.54
25.53,41.36,23.43,56.86,5.93,0.00,0.00,8.37,1.55
23.31,38.76,29.71,74.71,4.56,75.00,3.00,8.40,1.52
22.19,35.93,47.14,83.14,3.38,52.00,1.00,6.97,1.52
21.79,32.84,53.14,80.71,5.51,28.90,2.00,5.14,1.67
21.49,34.19,47.14,82.29,4.66,8.41,2.00,6.33,1.76
21.69,32.13,56.43,85.14,4.56,35.10,4.00,4.28,2.07
21.71,32.80,57.57,83.43,4.33,39.60,3.00,4.70,1.11
20.83,29.13,70.00,89.71,3.80,95.30,6.00,6.41,1.53
20.89,27.69,78.14,92.43,3.79,30.90,7.00,5.21,2.41
20.99,29.57,70.71,89.00,4.73,59.30,5.00,3.99,10.48
20.77,29.23,68.14,87.86,4.84,9.20,2.00,6.33,18.96
20.66,31.09,58.29,85.71,2.75,7.60,2.00,4.77,3.29
21.41,30.57,62.00,87.14,2.45,2.40,2.00,2.30,4.01
20.51,31.97,48.29,82.43,3.87,6.80,2.00,3.50,26.92
21.03,32.70,48.43,83.71,1.92,9.60,2.00,8.50,35.14
21.20,34.91,41.57,82.43,2.20,15.00,2.00,7.54,37.34
20.84,32.14,70.00,95.71,0.94,89.90,6.00,4.46,37.18
21.21,30.87,68.14,92.43,2.69,86.00,4.00,3.59,34.49
19.86,32.17,51.29,87.71,2.35,6.20,2.00,7.89,33.53
21.40,32.33,54.00,87.00,2.12,8.20,3.00,5.80,30.36
20.83,32.39,51.14,86.43,2.48,0.00,0.00,8.30,37.46
20.01,32.90,44.86,85.43,1.36,7.20,1.00,4.98,31.83
20.16,31.07,69.29,85.57,2.47,6.00,1.00,5.61,8.11
18.90,32.13,43.57,85.14,1.43,5.20,1.00,8.59,11.14
17.73,31.64,42.57,79.43,1.39,0.00,0.00,7.84,14.63
13.14,30.67,30.00,75.86,1.87,0.00,0.00,9.53,2.32
14.64,32.03,30.00,74.29,1.24,0.00,0.00,8.10,5.88
18.77,31.74,49.00,81.71,1.39,1.80,1.00,6.61,6.90
15.24,30.79,34.00,83.43,1.89,0.00,0.00,7.36,8.47
10.50,31.00,17.14,73.57,1.75,0.00,0.00,9.43,9.77
11.40,30.56,26.29,74.43,0.80,0.00,0.00,9.16,8.25
13.21,29.81,37.29,78.86,1.65,0.00,0.00,9.47,6.77
13.20,29.94,34.71,82.00,1.70,0.00,0.00,7.70,6.33
14.10,31.77,30.71,79.00,1.29,0.00,0.00,8.34,5.76
16.73,31.71,33.00,72.86,1.79,0.00,0.00,7.83,5.62
17.64,30.36,36.71,75.00,2.88,0.00,0.00,4.86,5.59
14.39,30.26,30.71,65.43,2.56,0.00,0.00,7.91,2.39
14.71,33.41,21.71,59.14,1.21,0.00,0.00,9.33,3.62
13.80,32.44,20.57,58.86,2.09,0.00,0.00,8.33,4.59
18.03,33.74,25.29,72.86,2.01,0.00,0.00,8.56,3.39
17.04,33.23,27.14,70.00,2.85,16.30,1.00,8.66,5.04
17.47,31.13,45.57,87.14,4.11,12.70,2.00,7.26,1.11
18.96,33.67,40.29,73.86,2.27,15.80,2.00,8.00,1.13
21.64,37.69,20.71,50.00,1.76,0.00,0.00,8.04,1.40
21.79,38.89,18.57,47.00,1.65,0.00,0.00,9.71,4.14
21.50,39.86,16.43,41.43,1.76,0.00,0.00,9.50,3.82
22.83,39.99,14.71,42.14,2.05,1.40,1.00,8.74,4.93
22.24,39.21,24.57,62.00,1.99,18.40,2.00,7.64,2.50
24.44,39.94,21.43,50.29,2.14,0.00,0.00,8.61,3.60
24.00,40.93,22.29,58.29,2.01,5.20,1.00,8.43,4.57
21.73,37.50,30.57,69.86,3.11,14.20,2.00,7.77,8.79
23.14,39.13,21.00,56.71,2.87,0.00,0.00,8.01,11.14
24.93,41.07,23.14,62.86,3.41,0.00,0.00,7.80,19.85
24.27,39.99,34.29,71.57,2.40,32.00,3.00,6.70,23.91
23.13,39.41,34.86,72.00,3.84,34.00,2.00,9.65,38.67
22.99,38.77,39.57,73.00,5.06,0.00,0.00,9.44,39.39
24.10,36.03,42.86,76.86,5.73,3.30,1.00,6.33,44.38
24.19,37.36,32.86,73.14,5.14,0.00,0.00,9.10,47.82
23.54,36.86,42.29,75.43,4.65,9.10,1.00,7.44,50.60
22.50,32.07,59.14,87.71,4.03,37.10,2.00,2.60,59.18
22.87,33.00,54.86,84.14,5.84,18.60,3.00,2.75,45.66
21.74,31.71,61.00,85.71,4.01,29.70,3.00,3.89,6.75
22.16,31.03,66.14,87.14,4.18,28.80,4.00,7.47,7.12
21.87,32.91,55.00,85.14,4.08,16.70,3.00,6.36,4.62
21.74,33.44,47.71,82.29,3.37,0.00,0.00,8.95,4.92
21.76,33.97,54.71,89.29,1.56,36.70,3.00,6.54,5.43
21.56,30.00,78.29,96.00,2.30,80.30,6.00,1.33,6.24
21.40,29.56,67.71,90.29,3.77,25.10,5.00,3.59,6.87
21.47,31.10,55.00,86.57,3.24,6.60,2.00,7.01,6.33
21.96,32.40,58.14,86.57,2.49,21.30,2.00,5.91,6.06
21.76,33.40,53.43,82.43,1.50,4.80,1.00,7.93,6.36
21.27,34.90,37.29,77.29,1.58,0.30,1.00,8.30,6.54
20.74,34.36,45.86,84.57,1.77,9.60,3.00,6.70,6.31
20.74,35.09,35.29,71.71,1.71,0.00,0.00,9.20,6.72
18.74,32.96,35.57,75.29,2.17,5.60,1.00,5.89,6.62
15.49,30.31,33.43,80.86,1.52,7.20,1.00,8.07,37.75
15.93,33.97,23.57,64.71,2.23,0.00,0.00,8.86,40.62
19.67,31.19,53.57,88.29,1.31,50.00,5.00,5.89,47.26
16.90,32.54,40.14,81.57,0.46,9.70,1.00,7.49,5.28
13.99,31.77,25.29,69.14,0.89,0.00,0.00,8.77,4.74
14.30,31.91,26.14,64.86,1.24,0.00,0.00,9.73,42.46
16.13,30.10,47.71,82.14,1.03,10.40,2.00,6.06,3.26
13.19,29.33,35.71,67.71,1.77,0.00,0.00,8.47,55.84
10.81,29.10,28.00,68.14,1.05,0.00,0.00,8.54,44.76
15.66,29.10,50.86,82.29,0.81,12.30,1.00,7.89,45.24
11.76,29.43,26.71,76.29,0.95,0.00,0.00,8.06,55.75
10.14,30.34,21.86,66.57,1.02,0.00,0.00,5.96,19.01
14.76,30.97,29.57,75.43,1.69,0.00,0.00,8.01,25.23
14.61,31.70,29.86,68.00,0.98,0.00,0.00,7.26,33.64
14.34,32.79,18.29,64.86,1.89,0.00,0.00,9.30,28.82
18.76,32.65,22.85,48.94,6.58,0.00,0.00,8.86,27.58
16.43,32.40,19.29,38.43,5.11,0.00,0.00,9.73,33.29
17.57,34.80,23.57,50.29,7.56,7.80,1.00,8.81,15.71
15.97,31.40,25.57,56.29,8.06,4.30,1.00,9.21,18.08
20.09,35.00,30.00,58.43,10.15,0.00,0.00,9.19,17.14
21.89,37.26,24.00,36.29,7.71,0.00,0.00,8.93,14.20
22.63,37.14,20.57,39.71,6.71,0.00,0.00,8.79,16.41
22.46,38.31,27.14,49.71,8.19,0.00,0.00,8.50,13.79
22.23,38.86,25.71,59.43,8.89,11.00,2.00,8.10,12.55
20.94,35.74,34.00,62.29,7.92,6.70,1.00,17.67,10.16
24.34,40.43,22.86,53.14,7.71,0.00,0.00,8.83,12.19
23.40,40.51,26.14,50.43,8.08,0.00,0.00,8.99,15.31
22.43,41.37,23.29,43.71,7.93,0.00,0.00,8.27,18.30
24.97,38.63,40.86,63.71,8.40,0.00,0.00,5.16,20.27
25.74,42.34,34.14,63.14,11.32,0.00,0.00,9.81,10.55
23.97,42.03,31.86,63.14,12.41,8.00,2.00,9.04,7.25
23.14,39.80,32.14,61.43,11.48,7.00,1.00,9.06,0.93
23.00,36.06,48.43,74.14,9.35,10.20,3.00,7.10,0.75
22.83,32.26,52.14,74.57,12.60,11.80,1.00,3.57,0.74
22.91,34.40,44.71,70.71,17.40,0.50,1.00,5.80,56.50
22.46,36.17,40.43,68.43,12.81,2.10,1.00,9.29,6.01
23.03,35.46,43.43,68.00,16.61,0.00,0.00,9.16,6.13
23.43,35.51,48.71,70.14,13.90,0.00,0.00,6.76,6.50
23.26,34.20,56.71,72.57,14.28,0.00,0.00,5.06,18.79
22.51,34.77,48.29,70.14,14.77,0.50,1.00,4.91,9.36
22.80,34.51,51.57,73.86,14.06,1.80,1.00,2.06,10.19
22.57,35.37,52.43,81.57,9.78,10.80,2.00,5.60,11.21
22.49,35.59,44.43,75.14,9.46,31.40,2.00,6.86,12.39
22.23,34.46,50.71,77.43,10.69,41.30,4.00,4.69,10.79
22.54,35.51,42.43,67.14,8.35,0.00,0.00,8.03,11.14
21.97,32.89,60.57,84.57,6.06,108.20,5.00,7.84,4.71
21.80,31.89,60.57,80.43,8.71,46.40,3.00,9.23,4.32
22.06,34.03,47.00,75.14,6.70,0.00,0.00,7.44,3.45
22.20,34.60,45.14,73.57,7.01,57.80,3.00,5.93,2.94
20.29,34.00,50.17,75.57,5.47,101.40,1.00,7.50,2.72
22.11,35.31,49.00,75.14,5.05,0.00,0.00,7.64,2.46
21.80,35.49,45.71,71.00,5.99,0.00,0.00,8.84,1.52
21.03,34.34,48.86,75.86,5.91,0.00,0.00,7.84,0.71
21.46,34.71,44.43,75.14,6.39,0.00,0.00,7.66,0.50
18.86,34.11,48.86,66.29,8.40,0.00,0.00,7.86,0.89
19.40,32.49,56.71,80.57,7.47,6.20,1.00,6.60,22.85
19.69,32.77,59.86,82.43,5.85,5.60,1.00,8.16,23.07
19.63,32.94,66.29,81.57,6.52,0.00,0.00,7.86,28.93
18.03,32.83,62.14,79.86,5.86,0.00,0.00,6.80,31.87
19.20,34.54,60.43,78.86,4.96,0.00,0.00,8.23,33.52
14.69,31.80,57.14,71.86,6.51,0.00,0.00,7.87,31.09
15.00,33.77,58.86,70.00,6.25,0.00,0.00,9.16,31.16
15.91,31.67,66.86,79.00,5.52,0.00,0.00,7.60,30.49
15.71,31.17,67.57,81.00,6.66,0.00,0.00,7.30,29.79
15.77,30.60,64.86,77.29,6.57,0.00,0.00,7.40,32.59
16.44,34.23,57.71,77.14,5.65,0.00,0.00,8.69,33.38
16.94,35.30,67.86,78.29,5.93,0.00,0.00,8.81,35.10
18.36,35.17,67.00,85.86,5.93,0.00,0.00,8.40,36.87
19.94,35.83,70.57,81.00,9.25,0.00,0.00,9.20,34.24
21.71,38.11,53.29,80.29,6.53,0.00,0.00,8.27,33.31
21.89,36.29,52.00,85.86,8.30,0.00,0.00,8.30,32.13
23.20,38.83,38.86,77.71,6.38,0.00,0.00,8.44,32.83
20.71,39.29,34.71,78.14,8.53,0.00,0.00,8.59,32.25
24.20,40.89,37.57,74.43,8.11,0.00,0.00,7.80,33.35
24.31,41.14,36.43,77.29,6.98,0.00,0.00,8.23,32.97
24.26,40.43,41.71,82.86,8.08,0.00,0.00,7.21,31.56
25.23,42.37,33.29,79.29,8.11,0.00,0.00,9.84,33.12
26.03,42.69,38.14,82.57,10.00,0.00,0.00,8.76,33.51
27.00,42.64,37.43,81.86,8.05,0.00,0.00,9.33,29.20
26.17,41.46,38.00,78.43,7.76,0.00,0.00,9.24,1.06
26.64,41.70,42.00,88.29,7.10,0.00,0.00,6.97,0.67
26.63,42.07,42.29,89.71,12.37,0.00,0.00,7.90,0.65
25.17,40.71,49.57,91.14,12.97,0.00,0.00,10.46,0.19
23.23,38.37,52.71,92.43,10.82,92.20,3.00,7.29,0.15
23.57,34.97,58.29,92.29,9.09,0.00,0.00,2.00,0.15
23.40,35.47,58.43,91.71,12.77,18.10,1.00,6.59,0.14
22.60,34.06,55.29,89.71,9.66,9.20,1.00,5.16,0.18
22.69,32.60,65.29,93.57,5.97,0.00,0.00,2.54,0.19
22.09,31.11,63.86,94.29,10.66,0.00,0.00,1.97,0.18
21.89,33.54,59.00,90.57,11.16,0.00,0.00,6.09,0.18
21.37,30.63,64.29,92.43,7.73,155.90,0.00,1.03,0.20
22.00,30.91,62.43,91.43,7.26,47.30,2.00,2.80,0.21
21.90,31.94,59.43,82.43,12.11,10.00,3.00,4.71,0.20
20.47,31.66,63.00,91.43,10.44,0.00,0.00,5.39,0.25
19.97,33.34,57.43,89.00,10.84,5.40,1.00,7.63,0.25
21.66,33.14,58.71,90.00,7.67,20.40,3.00,7.41,0.29
21.07,32.23,61.14,90.43,6.58,0.00,0.00,3.93,0.31
19.71,33.00,54.00,89.86,7.47,5.80,1.00,6.09,0.42
20.54,29.37,61.14,91.43,5.70,91.50,4.00,1.90,0.38
20.51,29.31,70.14,94.29,5.66,89.00,6.00,2.04,0.44
21.00,30.60,70.71,92.29,5.53,95.10,3.00,6.33,0.47
20.71,30.57,70.57,93.14,5.21,3.80,1.00,6.04,0.60
19.47,33.29,65.71,91.86,3.36,0.00,0.00,8.24,0.85
17.94,33.80,64.29,93.57,3.85,0.00,0.00,8.66,1.15
16.74,33.26,65.00,91.86,5.06,0.00,0.00,7.91,1.27
16.09,32.60,61.43,92.29,4.37,0.00,0.00,8.37,1.59
14.34,32.03,65.00,91.29,4.17,0.00,0.00,8.77,2.17
16.31,32.14,70.29,94.43,4.27,0.00,0.00,6.37,3.09
14.23,33.00,67.29,91.29,4.07,0.00,0.00,9.71,3.38
16.93,32.89,66.14,93.00,4.16,0.00,0.00,7.09,3.89
12.63,31.29,64.00,91.14,4.75,0.00,0.00,8.51,3.88
17.37,31.40,66.86,93.14,5.64,0.00,0.00,7.00,3.46
11.89,32.11,66.57,92.14,3.31,0.00,0.00,9.70,3.37
13.66,31.11,65.57,91.57,3.66,0.00,0.00,7.81,2.98
10.63,30.74,67.43,91.29,3.26,0.00,0.00,8.46,2.62
13.17,29.71,65.43,89.57,4.12,0.00,0.00,7.49,2.32
15.80,31.11,65.14,87.57,4.60,0.00,0.00,7.80,2.23
16.23,32.40,62.14,88.00,4.37,0.00,0.00,7.76,2.16
15.97,33.60,60.14,87.14,3.35,0.00,0.00,9.13,2.07
17.20,34.30,63.57,88.71,3.90,0.00,0.00,8.84,1.73
17.39,34.63,55.86,83.86,5.17,0.00,0.00,9.14,1.77
17.23,37.00,49.14,84.14,3.88,0.00,0.00,9.53,2.08
17.71,36.47,53.57,86.43,3.73,0.00,0.00,9.41,2.01
16.94,35.94,57.43,89.43,5.09,0.00,0.00,9.44,1.68
19.74,36.57,56.86,88.00,5.15,6.20,1.00,9.29,2.10
21.79,38.87,54.86,87.86,4.00,0.00,0.00,8.79,2.09
23.94,40.46,56.29,92.14,4.20,0.00,0.00,8.27,2.03
23.09,40.66,54.00,89.29,5.34,0.00,0.00,8.60,1.52
20.86,41.99,50.43,90.00,4.70,0.00,0.00,8.86,1.47
21.89,41.57,55.29,91.71,5.11,0.00,0.00,9.31,0.41
23.34,40.31,56.43,93.43,5.41,0.00,0.00,9.16,0.41
25.51,41.03,54.57,92.71,5.68,0.00,0.00,7.83,0.14
25.46,41.26,54.86,90.86,5.27,0.00,0.00,7.86,0.14
25.40,41.66,54.14,91.71,7.44,0.00,0.00,8.54,0.13
25.54,41.46,55.00,93.29,7.25,0.00,0.00,7.29,0.13
23.86,38.20,59.14,92.71,7.03,42.20,2.00,6.78,0.08
21.66,34.20,63.71,93.00,5.95,128.00,5.00,7.90,0.06
21.69,31.34,68.00,91.86,4.66,140.10,3.00,6.70,0.05
22.09,33.66,62.57,91.86,4.92,0.00,0.00,8.20,0.03
21.94,33.37,68.86,93.29,3.40,8.40,1.00,6.80,0.01
21.46,34.20,67.29,92.71,8.51,3.80,1.00,7.49,0.00
21.77,33.00,70.57,93.29,7.33,3.60,1.00,4.06,0.12
21.80,32.29,69.57,92.43,5.92,4.40,1.00,3.77,0.29
21.03,33.97,69.29,92.86,5.25,0.00,0.00,5.11,0.61
21.60,34.11,68.57,91.86,5.47,0.00,0.00,6.86,0.75
21.74,32.89,68.43,91.43,7.80,0.00,0.00,4.49,0.85
21.11,30.77,67.71,90.57,8.10,58.00,3.00,3.71,0.97
21.09,31.46,68.29,90.71,7.21,50.40,3.00,7.20,0.86
20.97,32.37,68.86,91.57,6.33,62.30,3.00,8.31,1.30
21.86,32.66,68.86,91.57,5.41,41.40,2.00,7.37,1.40
21.34,31.69,67.86,89.86,5.34,48.20,3.00,6.00,2.41
20.67,30.54,69.43,91.29,6.79,17.20,3.00,4.44,2.67
21.03,33.60,67.71,90.86,4.73,24.60,2.00,6.63,3.71
21.26,33.26,67.57,90.86,4.82,30.00,1.00,6.37,2.93
21.54,32.54,67.14,91.14,4.30,47.10,3.00,7.06,5.08
19.23,33.26,67.14,92.00,4.13,9.00,1.00,7.63,8.42
19.34,33.63,68.29,90.29,5.25,0.00,0.00,9.14,10.84
16.46,32.11,67.29,91.29,7.10,0.00,0.00,8.51,12.46
15.77,31.86,69.71,91.29,6.11,0.00,0.00,8.54,12.87
18.26,33.29,67.71,90.57,5.20,0.00,0.00,9.11,11.58
18.51,33.20,69.14,91.43,5.13,0.00,0.00,8.80,14.88
15.51,31.20,66.57,90.00,6.27,0.00,0.00,7.46,14.80
18.20,31.71,67.71,90.43,6.93,0.00,0.00,7.74,15.39
15.71,31.57,67.00,90.29,5.30,0.00,0.00,8.66,14.03
12.74,30.66,67.00,89.43,6.15,0.00,0.00,8.11,10.72
12.46,30.37,65.57,89.57,5.54,0.00,0.00,7.83,7.52
14.03,30.20,67.14,89.71,4.63,0.00,0.00,7.94,5.83
15.74,32.14,68.57,90.14,5.76,0.00,0.00,7.89,6.92
15.50,31.83,66.29,90.43,5.56,0.00,0.00,8.67,7.81
12.99,31.29,65.29,90.43,5.18,0.00,0.00,8.24,6.89
14.01,32.66,62.00,84.00,5.79,0.00,0.00,8.64,7.03
16.00,32.74,67.00,90.29,5.78,0.00,0.00,8.13,6.51
16.91,32.97,64.14,90.00,5.81,0.00,0.00,8.87,7.36
18.63,34.83,60.00,89.00,6.10,0.00,0.00,9.03,7.43
18.26,36.60,66.86,90.86,5.28,0.00,0.00,8.09,7.08
19.94,37.41,63.86,90.71,6.26,0.00,0.00,8.46,6.86
20.51,35.94,63.43,90.14,6.56,0.00,0.00,7.54,6.86
25.04,33.90,61.00,91.00,6.60,0.00,0.00,8.60,6.79
28.69,32.03,56.29,91.43,6.65,0.00,0.00,9.23,6.79
24.41,35.64,63.57,91.14,6.18,6.80,1.00,8.70,6.74
22.34,38.34,64.43,91.71,7.01,0.00,0.00,8.36,0.32
22.61,40.97,55.71,90.86,7.66,0.00,0.00,8.73,0.03
23.59,41.63,53.29,91.43,7.41,0.00,0.00,9.91,0.03
24.29,41.71,55.14,91.14,7.99,0.00,0.00,10.23,1.00
23.91,41.54,54.71,91.57,8.55,6.20,1.00,9.66,0.03
22.77,40.80,57.29,90.86,9.03,16.00,1.00,9.37,0.03
26.56,42.11,56.71,90.86,9.10,0.00,0.00,9.09,0.03
23.00,38.66,62.57,90.57,8.13,3.60,1.00,7.57,0.03
21.70,34.14,64.29,90.14,7.38,121.00,4.00,4.91,0.03
22.29,35.11,60.57,88.57,11.29,0.00,0.00,6.89,0.03
22.06,34.00,59.71,87.14,7.79,41.80,2.00,6.40,0.10
21.24,33.20,60.29,86.14,9.14,6.00,1.00,6.04,0.09
21.53,31.94,63.57,88.71,10.42,7.60,2.00,5.61,0.09
21.14,30.34,65.57,90.57,9.40,24.40,6.00,3.43,0.08
21.11,31.37,59.57,85.00,10.34,14.00,2.00,2.47,0.09
21.20,31.63,64.57,90.43,9.61,0.00,0.00,4.43,0.12
21.00,33.03,62.29,90.71,10.10,0.00,0.00,4.74,0.17
21.44,31.66,64.57,90.86,9.82,0.00,0.00,5.51,0.22
20.56,30.71,64.29,90.71,8.36,68.20,4.00,3.70,0.22
19.84,29.66,60.86,89.57,7.34,33.00,4.00,3.06,0.19
19.43,31.20,60.00,89.00,7.08,40.00,2.00,5.34,0.15
18.84,32.11,61.14,89.14,6.80,3.80,1.00,7.70,0.22
20.46,34.20,64.00,90.00,5.51,11.80,1.00,8.77,0.28
21.13,33.37,63.43,90.43,6.51,0.00,0.00,5.94,0.36
22.66,34.60,65.86,91.29,5.38,0.00,0.00,7.19,0.46
22.19,34.71,62.43,89.29,7.44,47.00,2.00,8.70,0.60
20.01,35.71,64.14,90.71,6.64,0.00,0.00,8.91,2.13
21.29,34.74,60.86,89.86,5.55,0.00,0.00,8.40,3.69
19.89,34.26,67.71,91.00,6.06,0.00,0.00,8.43,5.35
19.59,32.60,67.71,91.14,7.63,0.00,0.00,7.63,6.32
21.07,34.31,64.29,90.00,5.17,0.00,0.00,8.90,7.17
17.47,33.91,59.57,89.71,5.85,0.00,0.00,8.50,8.39
20.50,31.60,64.14,91.57,6.39,33.00,1.00,7.00,10.38
16.23,30.71,65.86,90.86,6.25,0.00,0.00,7.11,8.72
19.91,32.29,69.00,91.14,4.85,0.00,0.00,7.61,12.39
15.83,30.31,65.29,90.43,6.78,0.00,0.00,7.47,12.47
14.54,29.71,67.29,91.00,5.95,0.00,0.00,5.89,12.31
12.81,30.46,64.86,90.43,5.81,0.00,0.00,7.63,14.06
12.80,31.54,62.00,90.00,4.39,0.00,0.00,7.46,14.39
14.20,31.60,60.29,89.57,4.81,0.00,0.00,7.86,13.74
15.41,31.91,59.86,89.00,4.92,0.00,0.00,8.27,14.03
14.83,30.66,65.71,90.43,6.14,0.00,0.00,8.29,14.06
14.97,31.11,66.57,90.29,6.29,0.00,0.00,6.89,13.19
16.06,32.94,68.43,91.14,6.84,0.00,0.00,8.29,13.02
18.80,34.63,68.00,91.00,6.63,0.00,0.00,9.04,13.21
21.03,37.31,66.57,90.57,6.10,0.00,0.00,9.47,10.10
17.54,35.94,69.14,90.71,6.09,0.00,0.00,8.91,7.37
18.34,36.69,68.00,91.29,6.66,0.00,0.00,9.14,5.27
21.77,38.54,65.86,91.14,6.19,0.00,0.00,9.70,3.57
23.09,39.63,61.00,90.57,7.07,0.00,0.00,9.90,2.94
24.71,41.03,56.00,90.43,7.46,0.00,0.00,10.13,2.89
23.57,41.71,55.14,91.00,7.69,0.00,0.00,10.03,0.33
24.54,42.34,51.71,91.29,7.47,0.00,0.00,9.89,0.31
24.37,40.20,58.86,90.57,7.66,0.00,0.00,9.36,0.30
25.54,42.79,49.00,88.29,6.58,0.00,0.00,9.77,0.28
24.29,41.03,57.43,90.71,9.41,0.00,0.00,9.94,0.28
26.21,41.69,54.57,90.57,9.74,0.00,0.00,9.71,0.26
26.80,42.49,49.43,90.86,8.66,0.00,0.00,10.09,0.00
27.20,43.29,48.57,91.00,8.87,0.00,0.00,10.46,0.00
26.94,43.93,47.29,91.00,10.49,0.00,0.00,10.54,0.00
25.03,40.46,59.43,90.86,10.15,3.40,2.00,9.86,0.00
24.40,37.40,64.57,90.29,11.89,6.40,1.00,9.51,0.00
23.89,36.91,62.71,90.43,10.77,2.20,1.00,9.10,0.00
23.66,33.51,62.29,89.71,9.22,33.80,2.00,7.16,0.00
23.46,33.74,64.14,90.29,12.14,5.20,2.00,5.89,0.02
22.94,34.20,62.43,89.29,10.92,11.80,2.00,6.71,0.04
23.11,34.69,65.29,90.71,8.48,32.00,3.00,7.11,0.05
23.00,31.89,67.71,88.43,10.30,7.00,2.00,6.73,0.07
21.91,29.94,70.71,90.29,10.86,38.40,6.00,5.83,0.07
22.97,30.71,69.00,85.57,10.37,20.00,3.00,6.01,0.07
22.29,32.86,56.14,86.86,7.65,8.70,1.00,6.57,0.08
22.40,34.17,48.57,79.43,9.56,3.00,1.00,7.39,0.08
22.66,33.54,59.29,85.29,8.52,10.60,1.00,6.34,0.06
22.67,31.27,70.57,90.29,9.48,19.20,2.00,5.78,0.05
21.89,33.31,67.71,90.00,9.21,0.00,0.00,7.12,0.03
21.11,32.07,71.00,91.57,5.40,57.20,4.00,6.34,0.20
20.84,31.30,64.43,92.00,5.43,138.10,5.00,6.71,0.43
21.00,32.31,57.71,90.86,4.24,54.50,5.00,5.89,0.79
21.39,32.31,60.43,88.57,4.56,2.60,2.00,7.80,1.28
21.13,31.21,67.14,90.71,6.36,57.90,4.00,5.70,1.75
21.21,29.67,67.00,91.43,6.16,110.60,5.00,6.28,2.57
21.11,30.90,64.57,89.71,6.27,40.40,2.00,6.11,3.71
20.41,32.31,48.14,89.29,3.44,12.40,2.00,8.87,3.81
19.79,31.30,48.86,82.71,5.87,0.00,0.00,6.84,4.31
18.96,31.50,49.00,84.71,5.57,0.00,0.00,7.64,4.07
20.01,31.34,45.14,87.43,6.05,0.00,0.00,7.79,4.63
18.91,29.60,58.57,88.86,6.56,1.20,1.00,5.74,4.56
18.26,30.80,57.00,88.57,5.29,0.00,0.00,8.04,5.05
17.90,30.26,60.00,88.14,5.61,0.00,0.00,7.56,5.59
19.19,29.91,68.00,87.43,6.38,0.00,0.00,5.51,5.59
18.16,29.84,63.14,90.00,7.26,0.00,0.00,5.94,4.98
21.03,30.29,64.86,90.57,6.91,0.00,0.00,5.67,2.79
16.07,30.77,55.86,87.29,5.00,0.00,0.00,7.64,2.43
18.61,32.47,34.43,76.86,5.85,0.00,0.00,8.59,2.36
17.07,31.77,35.14,78.29,6.12,0.00,0.00,8.89,2.38
18.06,32.20,35.43,78.29,6.89,0.00,0.00,8.01,2.35
18.69,32.66,35.86,71.00,6.50,0.00,0.00,7.36,2.29
19.33,34.21,33.14,63.14,6.17,0.00,0.00,9.20,1.88
19.30,34.24,36.57,66.14,7.63,7.00,1.00,9.21,1.42
19.14,34.09,36.57,67.86,5.68,0.00,0.00,9.37,1.19
21.06,35.57,42.71,65.00,6.21,0.00,0.00,9.11,0.74
21.73,37.36,39.71,59.14,6.32,0.00,0.00,8.91,0.18
22.77,37.87,45.57,70.43,7.18,26.50,1.00,9.13,0.18
24.26,39.39,36.60,67.43,6.87,0.00,0.00,8.93,0.12
23.03,39.49,41.14,64.00,6.41,0.00,0.00,9.21,0.18
23.00,39.90,28.57,64.57,6.40,24.80,1.00,8.72,0.15
22.84,39.93,22.86,58.29,6.97,0.00,0.00,10.77,0.44
23.90,40.50,25.49,64.14,7.18,0.00,0.00,8.90,0.72
25.21,41.49,28.14,55.71,7.88,0.00,0.00,9.46,0.82
23.84,39.36,37.86,75.00,6.77,15.40,6.00,8.27,0.97
24.27,41.99,35.86,72.14,8.85,1.80,1.00,8.61,0.98
24.90,41.11,51.14,74.29,8.87,0.30,1.00,9.36,0.54
21.47,34.91,58.29,86.86,10.67,12.50,4.00,7.23,0.73
22.14,34.41,65.86,86.00,8.80,49.00,1.00,6.63,0.96
21.96,32.29,68.29,91.43,8.17,23.41,3.00,4.13,0.99
22.09,33.36,63.29,89.57,6.24,65.60,3.00,7.43,1.42
21.84,31.83,68.43,90.57,7.51,55.60,2.00,6.09,1.94
21.56,32.04,64.29,92.00,7.13,27.00,2.00,5.83,0.03
21.51,30.93,73.14,92.00,6.12,33.60,1.00,4.58,0.06
21.34,30.80,78.86,92.86,4.29,60.80,5.00,3.68,0.13
21.39,32.21,70.71,91.14,4.83,20.80,2.00,4.71,0.23
21.54,30.30,78.86,92.00,8.34,4.20,2.00,4.30,0.56
20.91,29.03,83.57,94.86,6.77,48.50,6.00,0.00,0.89
20.67,30.51,78.29,94.14,6.94,51.60,4.00,0.87,1.15
20.69,31.89,70.14,93.29,6.13,8.30,3.00,6.86,1.42
22.16,33.87,69.00,90.29,5.87,2.00,1.00,7.69,1.67
21.60,32.91,75.57,94.86,4.69,15.40,3.00,4.47,2.00
21.47,29.77,84.86,98.29,5.61,64.90,5.00,0.57,2.22
21.26,31.84,78.00,93.29,5.78,30.00,3.00,4.94,2.58
20.87,33.27,71.43,94.14,5.23,0.00,0.00,6.44,3.38
20.50,33.39,75.33,94.43,3.37,35.40,1.00,6.24,4.33
20.66,29.60,82.29,96.14,9.51,158.90,5.00,3.03,4.38
20.71,31.94,71.86,94.29,8.90,42.60,2.00,6.11,2.62
19.69,31.90,69.57,87.71,7.33,12.20,1.00,7.33,2.34
15.99,32.27,71.43,85.86,6.87,0.00,0.00,8.47,1.94
16.24,32.14,61.00,88.14,5.92,0.00,0.00,9.39,1.74
19.61,33.34,44.14,84.71,5.25,0.00,0.00,9.04,1.36
17.91,30.63,47.00,78.71,9.70,0.00,0.00,5.92,1.12
15.20,31.37,33.43,76.71,5.47,0.00,0.00,7.43,0.85
19.03,31.79,42.29,68.29,3.47,0.00,0.00,8.13,0.83
15.67,30.33,54.86,85.14,3.10,0.00,0.00,7.11,0.86
13.59,30.16,46.14,79.86,5.74,0.00,0.00,8.51,0.70
16.06,30.56,53.86,85.00,7.72,0.00,0.00,6.30,0.67
19.77,30.93,56.00,82.43,6.57,0.00,0.00,5.24,0.67
17.56,32.40,54.14,81.00,3.48,0.00,0.00,7.77,0.66
17.01,32.70,49.43,81.86,4.02,0.00,0.00,8.03,0.61
16.97,32.56,49.00,80.14,3.69,0.00,0.00,7.93,0.60
14.77,31.77,49.57,74.57,4.44,0.00,0.00,8.60,0.53
15.60,32.59,49.86,71.86,3.84,0.00,0.00,9.41,0.51
16.70,33.26,60.14,79.71,2.02,0.80,1.00,7.77,0.46
18.70,35.79,51.71,68.43,2.22,0.00,0.00,8.91,0.43
19.63,37.53,28.29,61.71,2.62,0.00,0.00,9.29,0.43
18.77,37.07,21.00,56.71,2.03,0.00,0.00,8.96,0.43
20.40,37.50,33.29,59.71,2.50,0.00,0.00,7.35,0.37
21.13,38.71,27.29,59.14,1.61,10.20,1.00,8.32,0.42
20.39,40.13,30.71,67.57,2.43,0.00,0.00,9.46,0.47
24.37,38.56,50.86,67.57,1.90,0.00,0.00,4.91,0.46
21.06,38.57,43.57,75.14,2.12,42.20,2.00,5.79,0.46
22.74,39.97,30.43,60.57,2.09,0.00,0.00,9.36,0.46
21.61,40.04,37.00,69.86,2.50,7.40,2.00,8.39,0.46
23.50,38.76,31.71,69.43,1.50,4.60,2.00,6.74,0.56
23.90,39.53,34.86,66.43,6.19,24.10,2.00,7.26,0.66
22.96,38.64,40.57,77.00,5.19,26.20,2.00,8.03,0.74
22.04,37.39,42.43,82.00,5.21,18.40,2.00,7.25,0.82
21.54,34.80,49.71,86.43,2.81,38.70,3.00,7.07,0.90
21.14,33.63,55.57,82.14,7.20,21.90,2.00,9.20,1.09
20.83,33.00,54.14,86.29,6.58,24.60,4.00,5.94,1.22
20.94,32.91,61.57,85.71,5.92,77.20,1.00,5.70,1.34
21.93,34.03,52.71,82.71,4.21,3.00,1.00,7.03,1.42
21.50,33.50,61.00,91.14,3.66,66.60,5.00,4.06,0.60
20.99,30.30,70.86,91.14,4.33,48.10,6.00,2.23,0.64
20.23,29.47,73.43,90.71,5.97,42.50,6.00,2.76,0.77
20.13,30.69,65.43,86.43,7.55,0.00,0.00,4.49,0.94
20.49,32.07,54.14,86.71,5.14,2.60,1.00,6.00,1.32
20.94,33.13,51.29,83.00,5.99,2.60,1.00,7.29,1.20
20.13,29.69,67.43,93.00,4.14,35.70,5.00,2.26,0.20
21.13,31.50,65.00,89.14,3.66,26.10,3.00,5.61,1.99
20.31,30.86,65.86,93.57,3.82,63.60,5.00,1.69,1.41
20.11,30.37,71.57,90.71,5.42,39.40,4.00,3.37,1.40
20.30,32.44,50.86,89.71,5.25,4.80,2.00,6.86,1.27
20.36,30.66,68.00,93.57,4.71,118.90,5.00,5.09,1.13
20.73,31.57,63.57,87.43,3.88,53.20,5.00,5.87,1.11
20.53,32.57,61.29,92.43,3.49,59.00,4.00,6.47,1.00
19.33,32.70,44.29,86.29,2.67,7.60,2.00,6.56,0.92
17.83,33.07,34.71,76.43,3.47,0.00,0.00,9.57,0.86
17.83,32.46,35.86,70.57,5.44,0.00,0.00,8.33,0.81
19.19,32.51,42.86,77.57,4.80,0.00,0.00,6.73,0.75
17.41,31.79,45.00,76.29,4.43,6.00,1.00,6.43,0.71
20.90,30.80,60.71,90.86,5.73,34.60,3.00,4.00,0.67
18.30,31.84,48.71,83.71,3.39,1.60,1.00,7.03,0.62
18.70,29.24,57.57,84.71,4.35,20.80,2.00,2.16,0.59
17.36,30.53,41.86,75.86,4.64,0.00,0.00,5.69,0.57
13.83,29.14,39.86,76.00,4.18,0.00,0.00,4.33,0.53
12.89,30.54,36.14,83.86,2.08,0.00,0.00,8.39,0.51
15.29,30.23,41.57,85.14,4.53,0.00,0.00,6.43,0.51
14.74,30.43,38.29,78.14,1.85,0.00,0.00,6.29,0.51
15.11,29.13,39.86,88.14,3.72,0.00,0.00,3.99,0.54
13.50,31.37,34.57,81.71,4.07,0.00,0.00,9.03,0.50
11.99,28.91,32.00,68.71,4.89,0.00,0.00,8.14,0.50
12.46,32.61,26.57,67.00,3.91,0.00,0.00,9.86,0.50
16.36,32.36,33.00,64.86,4.07,0.00,0.00,8.13,0.50
16.56,33.76,28.14,59.29,4.22,0.00,0.00,8.99,0.50
17.61,35.23,27.43,51.43,4.83,0.00,0.00,9.21,0.50
17.90,35.71,19.86,48.86,3.77,0.00,0.00,7.91,2.23
20.39,34.13,29.14,55.29,5.40,0.00,0.00,5.04,0.50
19.99,39.13,12.86,37.86,5.10,0.00,0.00,8.19,0.50
23.21,39.51,21.00,54.71,4.36,0.00,0.00,5.24,0.50
19.56,41.50,17.43,39.43,4.51,0.00,0.00,9.06,0.50
23.54,40.76,23.43,67.00,4.32,0.37,0.14,6.41,0.50
23.79,41.26,25.29,75.29,4.93,0.00,0.00,5.87,0.50
22.81,41.03,23.43,58.29,6.26,0.14,0.00,6.26,0.51
23.34,41.87,15.57,50.57,8.38,0.14,0.29,8.70,0.51
23.47,41.61,19.71,57.14,7.01,0.00,0.00,7.97,0.51
24.20,40.61,31.14,64.57,8.42,2.79,0.14,3.77,0.51
22.46,37.14,46.86,79.43,6.38,3.67,0.14,3.30,0.52
21.26,37.16,30.71,71.57,8.07,0.00,0.00,8.96,0.52
22.94,38.44,33.57,69.57,8.40,0.00,0.00,6.27,0.52
21.36,36.03,41.57,74.86,8.27,2.60,0.43,8.39,0.00
22.01,35.80,42.57,73.14,6.03,0.00,0.00,8.46,0.00
20.16,33.21,50.57,82.14,6.19,1.31,0.29,4.93,0.00
20.49,33.53,48.14,83.14,6.86,1.44,0.43,5.77,0.00
20.56,29.60,66.71,90.00,6.04,11.79,1.00,1.11,0.00
19.76,27.63,80.00,91.71,6.37,9.79,0.71,1.27,0.01
20.16,29.84,65.71,90.14,5.72,2.17,0.43,3.47,0.00
20.54,31.38,64.10,87.31,3.84,1.81,0.35,4.30,0.03
20.26,30.65,67.38,93.50,3.56,14.99,0.63,2.99,0.03
20.29,28.24,72.57,90.71,6.15,6.53,0.57,2.46,0.03
19.60,30.93,63.00,90.43,4.94,2.84,0.43,5.66,0.04
19.71,32.01,57.14,86.57,5.47,0.21,0.14,6.33,0.04
20.57,31.97,64.43,87.29,3.31,2.90,0.43,6.37,0.03
20.24,30.26,74.43,95.86,2.37,10.93,0.86,3.44,0.02
19.47,30.41,65.14,92.00,5.43,0.53,0.29,4.79,0.02
18.57,30.37,59.71,87.43,5.58,0.00,0.00,4.71,0.01
19.71,31.69,57.14,91.00,4.70,1.29,0.43,4.47,0.01
19.57,31.63,51.57,87.57,5.49,1.53,0.14,5.96,0.00
20.10,29.53,72.29,94.43,2.96,11.16,0.57,3.99,0.00
19.34,30.29,60.71,91.00,3.25,12.43,0.57,6.97,0.00
14.59,30.86,34.00,73.86,4.17,0.00,0.00,9.99,0.00
16.16,31.61,36.57,70.00,4.38,0.00,0.00,9.31,0.00
14.40,31.59,29.00,64.57,4.84,0.00,0.00,9.01,0.00
13.56,30.44,33.29,69.43,3.73,0.00,0.00,8.57,0.00
15.76,31.46,40.29,67.43,3.08,0.00,0.00,5.70,0.00
15.01,31.54,40.86,73.14,2.60,0.00,0.00,7.91,0.00
13.29,30.47,35.43,73.14,4.51,0.00,0.00,6.14,0.00
17.39,31.19,48.57,83.86,4.41,1.01,0.00,7.51,0.00
12.16,31.99,29.57,70.86,3.51,0.00,0.00,9.40,0.00
16.07,33.11,37.32,76.73,3.06,0.00,0.00,8.81,0.00
16.66,30.90,40.14,77.71,4.19,0.00,0.00,6.37,0.00
12.13,31.07,26.14,70.29,2.96,0.00,0.00,9.67,0.00
15.03,32.11,31.57,71.43,4.18,0.00,0.00,9.59,0.00
17.24,31.67,31.71,68.57,6.29,0.00,0.00,9.11,0.00
14.67,32.00,29.43,65.14,5.13,0.00,0.00,7.77,0.00
14.94,34.59,25.57,52.86,3.68,0.00,0.00,9.79,0.00
13.09,34.89,19.29,53.57,5.99,0.00,0.00,10.33,0.00
16.56,35.11,19.71,49.00,3.86,0.00,0.00,9.83,0.00
18.13,35.27,16.69,47.86,4.53,0.00,0.00,8.76,0.00
18.74,34.63,24.14,46.86,4.86,0.00,0.00,7.97,0.00
18.66,34.43,28.71,58.71,5.60,0.00,0.00,6.87,0.00
17.80,34.77,22.00,62.00,5.87,0.00,0.00,10.21,0.00
18.27,36.90,19.14,55.57,5.97,0.00,0.00,10.41,0.00
21.09,37.23,25.57,55.57,6.42,0.00,0.00,7.63,0.00
22.50,38.87,22.86,48.43,4.85,0.40,0.00,7.97,0.00
23.21,39.14,22.29,44.86,4.61,0.00,0.00,10.07,0.00
21.34,36.67,33.29,63.43,6.17,3.99,0.00,9.20,0.00
22.31,35.53,33.71,68.71,5.00,0.54,0.00,9.57,0.00
23.39,39.11,26.86,72.14,4.53,1.44,0.00,8.41,0.00
23.90,40.56,20.71,59.14,6.80,0.00,0.00,10.57,0.00
24.07,39.74,26.57,61.71,6.87,0.00,0.00,9.69,0.00
24.86,38.49,25.43,54.43,7.05,0.14,0.00,9.93,0.00
25.79,37.33,31.29,65.57,8.50,0.00,0.00,11.06,5.76
25.71,36.57,31.71,69.86,10.42,0.00,0.00,10.87,8.76
25.69,35.71,39.14,71.00,9.37,2.46,0.14,7.91,15.67
24.17,33.04,53.29,78.43,8.83,0.73,0.14,6.61,8.87
21.67,32.83,55.29,83.71,6.90,17.24,0.57,5.56,12.00
21.61,32.87,52.14,83.00,7.31,0.74,0.43,4.07,13.43
20.86,28.49,79.71,92.43,5.30,11.43,0.86,0.36,14.36
20.59,29.13,77.43,92.71,5.20,13.23,0.86,1.06,16.59
20.87,30.61,62.29,86.43,6.15,1.56,2.00,5.40,18.82
20.14,32.23,56.71,84.29,5.65,0.09,0.00,7.19,31.01
20.37,31.33,54.71,84.29,5.86,0.89,0.00,5.29,23.27
19.99,33.57,48.29,84.29,5.80,0.49,0.00,9.77,26.84
22.59,34.27,37.26,81.57,4.01,1.19,0.00,6.73,1.88
24.43,30.86,20.73,88.57,5.79,4.61,0.00,3.27,1.76
24.14,33.79,19.73,86.14,5.84,0.00,0.00,8.11,1.73
24.41,33.21,20.29,87.71,4.58,0.00,0.00,6.53,1.62
24.30,32.56,28.30,91.29,1.26,1.66,0.00,5.74,1.50
19.30,32.63,43.86,85.00,1.79,1.61,0.00,8.30,1.50
19.79,34.11,38.29,74.00,0.37,0.00,0.00,8.46,1.73
19.33,33.79,34.86,71.14,0.47,0.00,0.00,8.47,1.34
14.64,33.57,26.57,61.86,0.17,0.00,0.00,9.03,1.21
16.99,33.14,38.86,68.00,0.45,0.00,0.00,6.10,1.15
18.67,31.23,54.14,84.57,0.78,4.29,0.00,3.74,1.01
16.07,31.70,38.14,76.43,0.86,0.00,0.00,6.26,0.89
17.67,32.11,41.29,77.29,2.59,0.00,0.00,8.36,0.75
18.39,31.06,50.29,84.29,4.22,2.80,0.00,7.70,0.64
16.00,29.46,53.71,85.57,3.43,0.00,0.00,4.96,0.54
14.17,29.53,39.57,74.71,2.94,0.00,0.00,6.34,0.38
13.33,29.21,33.71,66.43,3.09,0.00,0.00,5.69,0.21
13.11,30.97,35.43,80.29,2.68,0.00,0.00,9.17,0.09
14.93,30.16,38.14,79.14,3.81,0.00,0.00,7.13,0.00
15.56,30.61,35.00,70.29,4.52,0.00,0.00,6.66,10.42
13.03,32.20,32.00,73.43,4.20,0.00,0.00,9.09,8.76
12.99,31.43,34.00,66.86,4.79,0.00,0.00,6.66,10.08
14.20,32.34,27.86,66.29,3.53,0.00,0.00,8.77,10.54
16.31,35.56,27.86,66.71,3.35,0.00,0.00,9.01,10.80
15.79,34.56,22.00,55.86,4.32,0.00,0.00,9.26,11.20
15.09,34.70,20.29,50.43,4.09,0.00,0.00,9.87,10.62
19.73,35.70,27.43,57.57,4.96,0.80,0.00,8.66,11.76
17.29,36.27,19.57,40.71,7.97,0.00,0.00,9.34,11.99
19.94,38.03,21.14,43.57,9.11,0.00,0.00,9.09,10.80
19.68,37.10,20.57,42.00,4.25,0.00,0.00,8.91,10.33
23.97,39.54,20.29,43.86,4.28,0.00,0.00,7.89,11.31
23.34,41.44,16.14,37.57,5.97,0.00,0.00,8.53,0.00
21.77,40.23,26.71,58.14,5.61,5.70,1.00,8.06,0.00
23.70,40.44,25.14,57.71,4.77,41.80,1.00,8.90,0.00
22.84,40.57,23.00,55.86,5.89,12.30,2.00,9.80,0.00
23.03,37.93,28.29,59.57,5.42,0.00,0.00,10.03,0.00
23.70,37.06,32.86,72.57,4.42,0.00,0.00,7.37,7.99
23.61,40.16,19.86,63.43,8.66,4.70,1.00,3.20,11.89
24.46,40.67,26.00,58.14,6.58,13.60,2.00,9.30,12.44
24.39,39.79,24.86,60.86,7.11,1.00,0.00,10.06,8.39
20.60,35.50,51.86,85.86,5.34,77.00,5.00,5.39,8.16
20.20,30.77,62.00,91.71,5.22,120.80,3.00,5.77,9.36
21.33,33.36,53.00,85.29,4.95,7.06,2.00,7.19,7.63
20.81,31.41,66.00,88.29,6.53,18.50,3.00,4.54,8.56
20.74,30.40,61.86,85.29,6.97,15.00,3.00,5.90,7.87
20.53,31.43,63.71,89.43,5.44,30.10,2.00,5.20,3.26
20.49,29.49,73.00,90.14,5.83,26.80,2.00,0.97,4.68
20.20,27.96,79.14,76.29,5.52,22.70,4.00,7.89,6.00
21.34,30.87,64.29,88.57,6.50,5.90,1.00,2.86,7.54
20.30,31.39,59.57,92.29,3.89,53.10,3.00,5.59,9.51
21.74,33.50,58.71,87.71,3.31,17.10,2.00,6.47,11.79
20.37,32.34,65.00,93.71,3.17,132.10,6.00,5.77,13.45
21.41,31.46,62.29,80.89,5.82,5.70,1.00,5.79,15.43
21.81,29.20,64.29,90.86,5.71,67.70,3.00,4.97,18.28
19.30,31.91,54.14,88.14,4.85,3.00,1.00,6.73,2.44
20.01,32.73,52.14,77.57,3.95,25.10,2.00,6.09,2.36
20.36,29.24,70.00,94.00,2.58,69.40,5.00,5.51,2.15
21.04,34.16,53.43,90.57,1.68,15.60,2.00,7.29,1.97
21.11,32.57,54.29,86.43,3.78,0.90,0.00,121.61,1.75
21.17,32.81,58.86,91.29,2.66,37.50,2.00,7.44,1.56
19.36,32.47,39.00,89.00,2.20,21.40,1.00,7.89,1.33
19.89,33.51,41.29,83.86,1.56,6.40,1.00,7.17,0.86
17.86,33.03,32.43,77.57,1.93,0.00,0.00,8.17,0.58
15.05,31.40,30.25,70.75,3.89,0.00,0.00,8.78,0.31
